,flag_file,country_name
1,Afghanistan-Flag.png,Afghanistan
2,African-Union-Flag.png,African-Union
3,Albania-Flag.png,Albania
4,Algeria-Flag.png,Algeria
5,American-Samoa-Flag.png,American-Samoa
6,Andorra-Flag.png,Andorra
7,Angola-Flag.png,Angola
8,Anguilla-Flag.png,Anguilla
9,Antarctica-Flag.png,Antarctica
10,Antigua-and-Barbuda-Flag.png,Antigua-and-Barbuda
11,Arab-League-Flag.png,Arab-League
12,Argentina-Flag.png,Argentina
13,Armenia-Flag.png,Armenia
14,Aruba-Flag.png,Aruba
15,Asean-Flag.png,Asean
16,Australia-Flag.png,Australia
17,Austria-Flag.png,Austria
18,Azerbaijan-Flag.png,Azerbaijan
19,Bahamas-Flag.png,Bahamas
20,Bahrain-Flag.png,Bahrain
21,Bangladesh-Flag.png,Bangladesh
22,Barbados-Flag.png,Barbados
23,Belarus-Flag.png,Belarus
24,Belgium-Flag.png,Belgium
25,Belize-Flag.png,Belize
26,Benin-Flag.png,Benin
27,Bermuda-Flag.png,Bermuda
28,Bhutan-Flag.png,Bhutan
29,Bolivia-Flag.png,Bolivia
30,Bosnia-and-Herzegovina-Flag.png,Bosnia-and-Herzegovina
31,Botswana-Flag.png,Botswana
32,Brazil-Flag.png,Brazil
33,Brunei-Flag.png,Brunei
34,Bulgaria-Flag.png,Bulgaria
35,Burkina-Faso-Flag.png,Burkina-Faso
36,Burundi-Flag.png,Burundi
37,Cambodia-Flag.png,Cambodia
38,Cameroon-Flag.png,Cameroon
39,Canada-Flag.png,Canada
40,Cape-Verde-Flag.png,Cape-Verde
41,Caricom-Flag.png,Caricom
42,Cayman-Islands-Flag.png,Cayman-Islands
43,Central-African-Republic-Flag.png,Central-African-Republic
44,Chad-Flag.png,Chad
45,Chile-Flag.png,Chile
46,China-Flag.png,China
47,Cis-Flag.png,Cis
48,Colombia-Flag.png,Colombia
49,Commonwealth-of-Nations-Flag.png,Commonwealth-of-Nations
50,Comoros-Flag.png,Comoros
51,Congo-Brazzaville-Flag.png,Congo-Brazzaville
52,Congo-Kinshasa-Flag.png,Congo-Kinshasa
53,Cook-Islands-Flag.png,Cook-Islands
54,Costa-Rica-Flag.png,Costa-Rica
55,Cote-DIvoire-Flag.png,Cote-DIvoire
56,Croatia-Flag.png,Croatia
57,Cuba-Flag.png,Cuba
58,Cyprus-Flag.png,Cyprus
59,Czech-Republic-Flag.png,Czech-Republic
60,Denmark-Flag.png,Denmark
61,Djibouti-Flag.png,Djibouti
62,Dominica-Flag.png,Dominica
63,Dominican-Republic-Flag.png,Dominican-Republic
64,East-Timor-Flag.png,East-Timor
65,Ecuador-Flag.png,Ecuador
66,Egypt-Flag.png,Egypt
67,El-Salvador-Flag.png,El-Salvador
68,England-Flag.png,England
69,Equatorial-Guinea-Flag.png,Equatorial-Guinea
70,Eritrea-Flag.png,Eritrea
71,Estonia-Flag.png,Estonia
72,Ethiopia-Flag.png,Ethiopia
73,European-Union-Flag.png,European-Union
74,Faroes-Flag.png,Faroes
75,Fiji-Flag.png,Fiji
76,Finland-Flag.png,Finland
77,France-Flag.png,France
78,Gabon-Flag.png,Gabon
79,Gambia-Flag.png,Gambia
80,Georgia-Flag.png,Georgia
81,Germany-Flag.png,Germany
82,Ghana-Flag.png,Ghana
83,Gibraltar-Flag.png,Gibraltar
84,Greece-Flag.png,Greece
85,Grenada-Flag.png,Grenada
86,Guam-Flag.png,Guam
87,Guatemala-Flag.png,Guatemala
88,Guinea-Bissau-Flag.png,Guinea-Bissau
89,Guinea-Flag.png,Guinea
90,Guyana-Flag.png,Guyana
91,Haiti-Flag.png,Haiti
92,Honduras-Flag.png,Honduras
93,Hong-Kong-Flag.png,Hong-Kong
94,Hungary-Flag.png,Hungary
95,Iceland-Flag.png,Iceland
96,India-Flag.png,India
97,Indonezia-Flag.png,Indonezia
98,Iran-Flag.png,Iran
99,Iraq-Flag.png,Iraq
100,Ireland-Flag.png,Ireland
101,Islamic-Conference-Flag.png,Islamic-Conference
102,Israel-Flag.png,Israel
103,Italy-Flag.png,Italy
104,Jamaica-Flag.png,Jamaica
105,Japan-Flag.png,Japan
106,Jersey-Flag.png,Jersey
107,Jordan-Flag.png,Jordan
108,Kazakhstan-Flag.png,Kazakhstan
109,Kenya-Flag.png,Kenya
110,Kiribati-Flag.png,Kiribati
111,Kuwait-Flag.png,Kuwait
112,Kyrgyzstan-Flag.png,Kyrgyzstan
113,Laos-Flag.png,Laos
114,Latvia-Flag.png,Latvia
115,Lebanon-Flag.png,Lebanon
116,Lesotho-Flag.png,Lesotho
117,Liberia-Flag.png,Liberia
118,Libya-Flag.png,Libya
119,Liechtenshein-Flag.png,Liechtenshein
120,Lithuania-Flag.png,Lithuania
121,Luxembourg-Flag.png,Luxembourg
122,Macau-Flag.png,Macau
123,Macedonia-Flag.png,Macedonia
124,Madagascar-Flag.png,Madagascar
125,Malawi-Flag.png,Malawi
126,Malaysia-Flag.png,Malaysia
127,Maldives-Flag.png,Maldives
128,Mali-Flag.png,Mali
129,Malta-Flag.png,Malta
130,Marshall-Islands-Flag.png,Marshall-Islands
131,Mauritania-Flag.png,Mauritania
132,Mauritius-Flag.png,Mauritius
133,Mexico-Flag.png,Mexico
134,Micronesia-Flag.png,Micronesia
135,Moldova-Flag.png,Moldova
136,Monaco-Flag.png,Monaco
137,Mongolia-Flag.png,Mongolia
138,Montenegro-Flag.png,Montenegro
139,Montserrat-Flag.png,Montserrat
140,Morocco-Flag.png,Morocco
141,Mozambique-Flag.png,Mozambique
142,Myanmar-Flag.png,Myanmar
143,Namibia-Flag.png,Namibia
144,NATO-Flag.png,NATO
145,Nauru-Flag.png,Nauru
146,Nepal-Flag.png,Nepal
147,Netherlands-Antilles-Flag.png,Netherlands-Antilles
148,Netherlands-Flag.png,Netherlands
149,New-Zealand-Flag.png,New-Zealand
150,Nicaragua-Flag.png,Nicaragua
151,Niger-Flag.png,Niger
152,Nigeria-Flag.png,Nigeria
153,North-Korea-Flag.png,North-Korea
154,Northern-Cyprus-Flag.png,Northern-Cyprus
155,Northern-Ireland-Flag.png,Northern-Ireland
156,Norway-Flag.png,Norway
157,Olimpic-Movement-Flag.png,Olimpic-Movement
158,Oman-Flag.png,Oman
159,OPEC-Flag.png,OPEC
160,Pakistan-Flag.png,Pakistan
161,Palau-Flag.png,Palau
162,Palestine-Flag.png,Palestine
163,Panama-Flag.png,Panama
164,Papua-New-Guinea-Flag.png,Papua-New-Guinea
165,Paraguay-Flag.png,Paraguay
166,Peru-Flag.png,Peru
167,Philippines-Flag.png,Philippines
168,Poland-Flag.png,Poland
169,Portugal-Flag.png,Portugal
170,Puerto-Rico-Flag.png,Puerto-Rico
171,Qatar-Flag.png,Qatar
172,Red-Cross-Flag.png,Red-Cross
173,Romania-Flag.png,Romania
174,Russian-Federation-Flag.png,Russian-Federation
175,Rwanda-Flag.png,Rwanda
176,Saint-Lucia-Flag.png,Saint-Lucia
177,Samoa-Flag.png,Samoa
178,San-Marino-Flag.png,San-Marino
179,Sao-Tome-and-Principe-Flag.png,Sao-Tome-and-Principe
180,Saudi-Arabia-Flag.png,Saudi-Arabia
181,Scotland-Flag.png,Scotland
182,Senegal-Flag.png,Senegal
183,Serbia-Flag.png,Serbia
184,Seychelles-Flag.png,Seychelles
185,Sierra-Leone-Flag.png,Sierra-Leone
186,Singapore-Flag.png,Singapore
187,Slovakia-Flag.png,Slovakia
188,Slovenia-Flag.png,Slovenia
189,Solomon-Islands-Flag.png,Solomon-Islands
190,Somalia-Flag.png,Somalia
191,Somaliland-Flag.png,Somaliland
192,South-Africa-Flag.png,South-Africa
193,South-Korea-Flag.png,South-Korea
194,Spain-Flag.png,Spain
195,Sri-Lanka-Flag.png,Sri-Lanka
196,St-Kitts-and-Nevis-Flag.png,St-Kitts-and-Nevis
197,St-Vincent-and-the-Grenadines-Flag.png,St-Vincent-and-the-Grenadines
198,Sudan-Flag.png,Sudan
199,Suriname-Flag.png,Suriname
200,Swaziland-Flag.png,Swaziland
201,Sweden-Flag.png,Sweden
202,Switzerland-Flag.png,Switzerland
203,Syria-Flag.png,Syria
204,Tahiti-Flag.png,Tahiti
205,Taiwan-Flag.png,Taiwan
206,Tajikistan-Flag.png,Tajikistan
207,Tanzania-Flag.png,Tanzania
208,Thailand-Flag.png,Thailand
209,Timor-Leste-Flag.png,Timor-Leste
210,Togo-Flag.png,Togo
211,Tonga-Flag.png,Tonga
212,Trinidad-and-Tobago-Flag.png,Trinidad-and-Tobago
213,Tunisia-Flag.png,Tunisia
214,Turkey-Flag.png,Turkey
215,Turkmenistan-Flag.png,Turkmenistan
216,Turks-and-Caicos-Islands-Flag.png,Turks-and-Caicos-Islands
217,Tuvalu-Flag.png,Tuvalu
218,Uganda-Flag.png,Uganda
219,Ukraine-Flag.png,Ukraine
220,United-Arab-Emirates-Flag.png,United-Arab-Emirates
221,United-Kingdom-Flag.png,United-Kingdom
222,United-Nations-Flag.png,United-Nations
223,United-States-of-America-Flag.png,United-States-of-America
224,Uruguay-Flag.png,Uruguay
225,Uzbekistan-Flag.png,Uzbekistan
226,Vanutau-Flag.png,Vanutau
227,Vatican-City-Flag.png,Vatican-City
228,Venezuela-Flag.png,Venezuela
229,Viet-Nam-Flag.png,Viet-Nam
230,Virgin-Islands-British-Flag.png,Virgin-Islands-British
231,Virgin-Islands-US-Flag.png,Virgin-Islands-US
232,Wales-Flag.png,Wales
233,Western-Sahara-Flag.png,Western-Sahara
234,Yemen-Flag.png,Yemen
235,Zambia-Flag.png,Zambia
236,Zimbabwe-Flag.png,Zimbabwe
